user_id,email,created_at
1,user1@example.com,2024-10-01 00:00:00
2,user2@example.com,2024-10-01 00:00:00
3,user3@example.com,2024-10-01 00:00:00
4,user4@example.com,2024-10-01 00:00:00
5,user5@example.com,2024-10-01 00:00:00
6,user6@example.com,2024-10-01 00:00:00
7,user7@example.com,2024-10-01 00:00:00
8,user8@example.com,2024-10-01 00:00:00
9,user9@example.com,2024-10-01 00:00:00
10,user10@example.com,2024-10-01 00:00:00
11,user11@example.com,2024-10-01 00:00:00
12,user12@example.com,2024-10-01 00:00:00
13,user13@example.com,2024-10-01 00:00:00
14,user14@example.com,2024-10-01 00:00:00
15,user15@example.com,2024-10-01 00:00:00
16,user16@example.com,2024-10-01 00:00:00
17,user17@example.com,2024-10-01 00:00:00
18,user18@example.com,2024-10-01 00:00:00
19,user19@example.com,2024-10-01 00:00:00
20,user20@example.com,2024-10-01 00:00:00
21,user21@example.com,2024-10-01 00:00:00
22,user22@example.com,2024-10-01 00:00:00
23,user23@example.com,2024-10-01 00:00:00
24,user24@example.com,2024-10-01 00:00:00
25,user25@example.com,2024-10-01 00:00:00
26,user26@example.com,2024-10-01 00:00:00
27,user27@example.com,2024-10-01 00:00:00
28,user28@example.com,2024-10-01 00:00:00
29,user29@example.com,2024-10-01 00:00:00
30,user30@example.com,2024-10-01 00:00:00
31,user31@example.com,2024-10-01 00:00:00
32,user32@example.com,2024-10-01 00:00:00
33,user33@example.com,2024-10-01 00:00:00
34,user34@example.com,2024-10-01 00:00:00
35,user35@example.com,2024-10-01 00:00:00
36,user36@example.com,2024-10-01 00:00:00
37,user37@example.com,2024-10-01 00:00:00
38,user38@example.com,2024-10-01 00:00:00
39,user39@example.com,2024-10-01 00:00:00
40,user40@example.com,2024-10-01 00:00:00
41,user41@example.com,2024-10-01 00:00:00
42,user42@example.com,2024-10-01 00:00:00
43,user43@example.com,2024-10-01 00:00:00
44,user44@example.com,2024-10-01 00:00:00
45,user45@example.com,2024-10-01 00:00:00
46,user46@example.com,2024-10-01 00:00:00
47,user47@example.com,2024-10-01 00:00:00
48,user48@example.com,2024-10-01 00:00:00
49,user49@example.com,2024-10-01 00:00:00
50,user50@example.com,2024-10-01 00:00:00
51,user51@example.com,2024-10-01 00:00:00
52,user52@example.com,2024-10-01 00:00:00
53,user53@example.com,2024-10-01 00:00:00
54,user54@example.com,2024-10-01 00:00:00
55,user55@example.com,2024-10-01 00:00:00
56,user56@example.com,2024-10-01 00:00:00
57,user57@example.com,2024-10-01 00:00:00
58,user58@example.com,2024-10-01 00:00:00
59,user59@example.com,2024-10-01 00:00:00
60,user60@example.com,2024-10-01 00:00:00
61,user61@example.com,2024-10-01 00:00:00
62,user62@example.com,2024-10-01 00:00:00
63,user63@example.com,2024-10-01 00:00:00
64,user64@example.com,2024-10-01 00:00:00
65,user65@example.com,2024-10-01 00:00:00
66,user66@example.com,2024-10-01 00:00:00
67,user67@example.com,2024-10-01 00:00:00
68,user68@example.com,2024-10-01 00:00:00
69,user69@example.com,2024-10-01 00:00:00
70,user70@example.com,2024-10-01 00:00:00
71,user71@example.com,2024-10-01 00:00:00
72,user72@example.com,2024-10-01 00:00:00
73,user73@example.com,2024-10-01 00:00:00
74,user74@example.com,2024-10-01 00:00:00
75,user75@example.com,2024-10-01 00:00:00
76,user76@example.com,2024-10-01 00:00:00
77,user77@example.com,2024-10-01 00:00:00
78,user78@example.com,2024-10-01 00:00:00
79,user79@example.com,2024-10-01 00:00:00
80,user80@example.com,2024-10-01 00:00:00
81,user81@example.com,2024-10-01 00:00:00
82,user82@example.com,2024-10-01 00:00:00
83,user83@example.com,2024-10-01 00:00:00
84,user84@example.com,2024-10-01 00:00:00
85,user85@example.com,2024-10-01 00:00:00
86,user86@example.com,2024-10-01 00:00:00
87,user87@example.com,2024-10-01 00:00:00
88,user88@example.com,2024-10-01 00:00:00
89,user89@example.com,2024-10-01 00:00:00
90,user90@example.com,2024-10-01 00:00:00
91,user91@example.com,2024-10-01 00:00:00
92,user92@example.com,2024-10-01 00:00:00
93,user93@example.com,2024-10-01 00:00:00
94,user94@example.com,2024-10-01 00:00:00
95,user95@example.com,2024-10-01 00:00:00
96,user96@example.com,2024-10-01 00:00:00
97,user97@example.com,2024-10-01 00:00:00
98,user98@example.com,2024-10-01 00:00:00
99,user99@example.com,2024-10-01 00:00:00
100,user100@example.com,2024-10-01 00:00:00
101,user101@example.com,2024-10-01 00:00:00
102,user102@example.com,2024-10-01 00:00:00
103,user103@example.com,2024-10-01 00:00:00
104,user104@example.com,2024-10-01 00:00:00
105,user105@example.com,2024-10-01 00:00:00
106,user106@example.com,2024-10-01 00:00:00
107,user107@example.com,2024-10-01 00:00:00
108,user108@example.com,2024-10-01 00:00:00
109,user109@example.com,2024-10-01 00:00:00
110,user110@example.com,2024-10-01 00:00:00
111,user111@example.com,2024-10-01 00:00:00
112,user112@example.com,2024-10-01 00:00:00
113,user113@example.com,2024-10-01 00:00:00
114,user114@example.com,2024-10-01 00:00:00
115,user115@example.com,2024-10-01 00:00:00
116,user116@example.com,2024-10-01 00:00:00
117,user117@example.com,2024-10-01 00:00:00
118,user118@example.com,2024-10-01 00:00:00
119,user119@example.com,2024-10-01 00:00:00
120,user120@example.com,2024-10-01 00:00:00
121,user121@example.com,2024-10-01 00:00:00
122,user122@example.com,2024-10-01 00:00:00
123,user123@example.com,2024-10-01 00:00:00
124,user124@example.com,2024-10-01 00:00:00
125,user125@example.com,2024-10-01 00:00:00
126,user126@example.com,2024-10-01 00:00:00
127,user127@example.com,2024-10-01 00:00:00
128,user128@example.com,2024-10-01 00:00:00
129,user129@example.com,2024-10-01 00:00:00
130,user130@example.com,2024-10-01 00:00:00
131,user131@example.com,2024-10-01 00:00:00
132,user132@example.com,2024-10-01 00:00:00
133,user133@example.com,2024-10-01 00:00:00
134,user134@example.com,2024-10-01 00:00:00
135,user135@example.com,2024-10-01 00:00:00
136,user136@example.com,2024-10-01 00:00:00
137,user137@example.com,2024-10-01 00:00:00
138,user138@example.com,2024-10-01 00:00:00
139,user139@example.com,2024-10-01 00:00:00
140,user140@example.com,2024-10-01 00:00:00
141,user141@example.com,2024-10-01 00:00:00
142,user142@example.com,2024-10-01 00:00:00
143,user143@example.com,2024-10-01 00:00:00
144,user144@example.com,2024-10-01 00:00:00
145,user145@example.com,2024-10-01 00:00:00
146,user146@example.com,2024-10-01 00:00:00
147,user147@example.com,2024-10-01 00:00:00
148,user148@example.com,2024-10-01 00:00:00
149,user149@example.com,2024-10-01 00:00:00
150,user150@example.com,2024-10-01 00:00:00
151,user151@example.com,2024-10-01 00:00:00
152,user152@example.com,2024-10-01 00:00:00
153,user153@example.com,2024-10-01 00:00:00
154,user154@example.com,2024-10-01 00:00:00
155,user155@example.com,2024-10-01 00:00:00
156,user156@example.com,2024-10-01 00:00:00
157,user157@example.com,2024-10-01 00:00:00
158,user158@example.com,2024-10-01 00:00:00
159,user159@example.com,2024-10-01 00:00:00
160,user160@example.com,2024-10-01 00:00:00
161,user161@example.com,2024-10-01 00:00:00
162,user162@example.com,2024-10-01 00:00:00
163,user163@example.com,2024-10-01 00:00:00
164,user164@example.com,2024-10-01 00:00:00
165,user165@example.com,2024-10-01 00:00:00
166,user166@example.com,2024-10-01 00:00:00
167,user167@example.com,2024-10-01 00:00:00
168,user168@example.com,2024-10-01 00:00:00
169,user169@example.com,2024-10-01 00:00:00
170,user170@example.com,2024-10-01 00:00:00
171,user171@example.com,2024-10-01 00:00:00
172,user172@example.com,2024-10-01 00:00:00
173,user173@example.com,2024-10-01 00:00:00
174,user174@example.com,2024-10-01 00:00:00
175,user175@example.com,2024-10-01 00:00:00
176,user176@example.com,2024-10-01 00:00:00
177,user177@example.com,2024-10-01 00:00:00
178,user178@example.com,2024-10-01 00:00:00
179,user179@example.com,2024-10-01 00:00:00
180,user180@example.com,2024-10-01 00:00:00
181,user181@example.com,2024-10-01 00:00:00
182,user182@example.com,2024-10-01 00:00:00
183,user183@example.com,2024-10-01 00:00:00
184,user184@example.com,2024-10-01 00:00:00
185,user185@example.com,2024-10-01 00:00:00
186,user186@example.com,2024-10-01 00:00:00
187,user187@example.com,2024-10-01 00:00:00
188,user188@example.com,2024-10-01 00:00:00
189,user189@example.com,2024-10-01 00:00:00
190,user190@example.com,2024-10-01 00:00:00
191,user191@example.com,2024-10-01 00:00:00
192,user192@example.com,2024-10-01 00:00:00
193,user193@example.com,2024-10-01 00:00:00
194,user194@example.com,2024-10-01 00:00:00
195,user195@example.com,2024-10-01 00:00:00
196,user196@example.com,2024-10-01 00:00:00
197,user197@example.com,2024-10-01 00:00:00
198,user198@example.com,2024-10-01 00:00:00
199,user199@example.com,2024-10-01 00:00:00
200,user200@example.com,2024-10-01 00:00:00
201,user201@example.com,2024-10-01 00:00:00
202,user202@example.com,2024-10-01 00:00:00
203,user203@example.com,2024-10-01 00:00:00
204,user204@example.com,2024-10-01 00:00:00
205,user205@example.com,2024-10-01 00:00:00
206,user206@example.com,2024-10-01 00:00:00
207,user207@example.com,2024-10-01 00:00:00
208,user208@example.com,2024-10-01 00:00:00
209,user209@example.com,2024-10-01 00:00:00
210,user210@example.com,2024-10-01 00:00:00
211,user211@example.com,2024-10-01 00:00:00
212,user212@example.com,2024-10-01 00:00:00
213,user213@example.com,2024-10-01 00:00:00
214,user214@example.com,2024-10-01 00:00:00
215,user215@example.com,2024-10-01 00:00:00
216,user216@example.com,2024-10-01 00:00:00
217,user217@example.com,2024-10-01 00:00:00
218,user218@example.com,2024-10-01 00:00:00
219,user219@example.com,2024-10-01 00:00:00
220,user220@example.com,2024-10-01 00:00:00
221,user221@example.com,2024-10-01 00:00:00
222,user222@example.com,2024-10-01 00:00:00
223,user223@example.com,2024-10-01 00:00:00
224,user224@example.com,2024-10-01 00:00:00
225,user225@example.com,2024-10-01 00:00:00
226,user226@example.com,2024-10-01 00:00:00
227,user227@example.com,2024-10-01 00:00:00
228,user228@example.com,2024-10-01 00:00:00
229,user229@example.com,2024-10-01 00:00:00
230,user230@example.com,2024-10-01 00:00:00
231,user231@example.com,2024-10-01 00:00:00
232,user232@example.com,2024-10-01 00:00:00
233,user233@example.com,2024-10-01 00:00:00
234,user234@example.com,2024-10-01 00:00:00
235,user235@example.com,2024-10-01 00:00:00
236,user236@example.com,2024-10-01 00:00:00
237,user237@example.com,2024-10-01 00:00:00
238,user238@example.com,2024-10-01 00:00:00
239,user239@example.com,2024-10-01 00:00:00
240,user240@example.com,2024-10-01 00:00:00
241,user241@example.com,2024-10-01 00:00:00
242,user242@example.com,2024-10-01 00:00:00
243,user243@example.com,2024-10-01 00:00:00
244,user244@example.com,2024-10-01 00:00:00
245,user245@example.com,2024-10-01 00:00:00
246,user246@example.com,2024-10-01 00:00:00
247,user247@example.com,2024-10-01 00:00:00
248,user248@example.com,2024-10-01 00:00:00
249,user249@example.com,2024-10-01 00:00:00
250,user250@example.com,2024-10-01 00:00:00
251,user251@example.com,2024-10-01 00:00:00
252,user252@example.com,2024-10-01 00:00:00
253,user253@example.com,2024-10-01 00:00:00
254,user254@example.com,2024-10-01 00:00:00
255,user255@example.com,2024-10-01 00:00:00
256,user256@example.com,2024-10-01 00:00:00
257,user257@example.com,2024-10-01 00:00:00
258,user258@example.com,2024-10-01 00:00:00
259,user259@example.com,2024-10-01 00:00:00
260,user260@example.com,2024-10-01 00:00:00
261,user261@example.com,2024-10-01 00:00:00
262,user262@example.com,2024-10-01 00:00:00
263,user263@example.com,2024-10-01 00:00:00
264,user264@example.com,2024-10-01 00:00:00
265,user265@example.com,2024-10-01 00:00:00
266,user266@example.com,2024-10-01 00:00:00
267,user267@example.com,2024-10-01 00:00:00
268,user268@example.com,2024-10-01 00:00:00
269,user269@example.com,2024-10-01 00:00:00
270,user270@example.com,2024-10-01 00:00:00
271,user271@example.com,2024-10-01 00:00:00
272,user272@example.com,2024-10-01 00:00:00
273,user273@example.com,2024-10-01 00:00:00
274,user274@example.com,2024-10-01 00:00:00
275,user275@example.com,2024-10-01 00:00:00
276,user276@example.com,2024-10-01 00:00:00
277,user277@example.com,2024-10-01 00:00:00
278,user278@example.com,2024-10-01 00:00:00
279,user279@example.com,2024-10-01 00:00:00
280,user280@example.com,2024-10-01 00:00:00
281,user281@example.com,2024-10-01 00:00:00
282,user282@example.com,2024-10-01 00:00:00
283,user283@example.com,2024-10-01 00:00:00
284,user284@example.com,2024-10-01 00:00:00
285,user285@example.com,2024-10-01 00:00:00
286,user286@example.com,2024-10-01 00:00:00
287,user287@example.com,2024-10-01 00:00:00
288,user288@example.com,2024-10-01 00:00:00
289,user289@example.com,2024-10-01 00:00:00
290,user290@example.com,2024-10-01 00:00:00
291,user291@example.com,2024-10-01 00:00:00
292,user292@example.com,2024-10-01 00:00:00
293,user293@example.com,2024-10-01 00:00:00
294,user294@example.com,2024-10-01 00:00:00
295,user295@example.com,2024-10-01 00:00:00
296,user296@example.com,2024-10-01 00:00:00
297,user297@example.com,2024-10-01 00:00:00
298,user298@example.com,2024-10-01 00:00:00
299,user299@example.com,2024-10-01 00:00:00
300,user300@example.com,2024-10-01 00:00:00
301,user301@example.com,2024-10-01 00:00:00
302,user302@example.com,2024-10-01 00:00:00
303,user303@example.com,2024-10-01 00:00:00
304,user304@example.com,2024-10-01 00:00:00
305,user305@example.com,2024-10-01 00:00:00
306,user306@example.com,2024-10-01 00:00:00
307,user307@example.com,2024-10-01 00:00:00
308,user308@example.com,2024-10-01 00:00:00
309,user309@example.com,2024-10-01 00:00:00
310,user310@example.com,2024-10-01 00:00:00
311,user311@example.com,2024-10-01 00:00:00
312,user312@example.com,2024-10-01 00:00:00
313,user313@example.com,2024-10-01 00:00:00
314,user314@example.com,2024-10-01 00:00:00
315,user315@example.com,2024-10-01 00:00:00
316,user316@example.com,2024-10-01 00:00:00
317,user317@example.com,2024-10-01 00:00:00
318,user318@example.com,2024-10-01 00:00:00
319,user319@example.com,2024-10-01 00:00:00
320,user320@example.com,2024-10-01 00:00:00
321,user321@example.com,2024-10-01 00:00:00
322,user322@example.com,2024-10-01 00:00:00
323,user323@example.com,2024-10-01 00:00:00
324,user324@example.com,2024-10-01 00:00:00
325,user325@example.com,2024-10-01 00:00:00
326,user326@example.com,2024-10-01 00:00:00
327,user327@example.com,2024-10-01 00:00:00
328,user328@example.com,2024-10-01 00:00:00
329,user329@example.com,2024-10-01 00:00:00
330,user330@example.com,2024-10-01 00:00:00
331,user331@example.com,2024-10-01 00:00:00
332,user332@example.com,2024-10-01 00:00:00
333,user333@example.com,2024-10-01 00:00:00
334,user334@example.com,2024-10-01 00:00:00
335,user335@example.com,2024-10-01 00:00:00
336,user336@example.com,2024-10-01 00:00:00
337,user337@example.com,2024-10-01 00:00:00
338,user338@example.com,2024-10-01 00:00:00
339,user339@example.com,2024-10-01 00:00:00
340,user340@example.com,2024-10-01 00:00:00
341,user341@example.com,2024-10-01 00:00:00
342,user342@example.com,2024-10-01 00:00:00
343,user343@example.com,2024-10-01 00:00:00
344,user344@example.com,2024-10-01 00:00:00
345,user345@example.com,2024-10-01 00:00:00
346,user346@example.com,2024-10-01 00:00:00
347,user347@example.com,2024-10-01 00:00:00
348,user348@example.com,2024-10-01 00:00:00
349,user349@example.com,2024-10-01 00:00:00
350,user350@example.com,2024-10-01 00:00:00
351,user351@example.com,2024-10-01 00:00:00
352,user352@example.com,2024-10-01 00:00:00
353,user353@example.com,2024-10-01 00:00:00
354,user354@example.com,2024-10-01 00:00:00
355,user355@example.com,2024-10-01 00:00:00
356,user356@example.com,2024-10-01 00:00:00
357,user357@example.com,2024-10-01 00:00:00
358,user358@example.com,2024-10-01 00:00:00
359,user359@example.com,2024-10-01 00:00:00
360,user360@example.com,2024-10-01 00:00:00
361,user361@example.com,2024-10-01 00:00:00
362,user362@example.com,2024-10-01 00:00:00
363,user363@example.com,2024-10-01 00:00:00
364,user364@example.com,2024-10-01 00:00:00
365,user365@example.com,2024-10-01 00:00:00
366,user366@example.com,2024-10-01 00:00:00
367,user367@example.com,2024-10-01 00:00:00
368,user368@example.com,2024-10-01 00:00:00
369,user369@example.com,2024-10-01 00:00:00
370,user370@example.com,2024-10-01 00:00:00
371,user371@example.com,2024-10-01 00:00:00
372,user372@example.com,2024-10-01 00:00:00
373,user373@example.com,2024-10-01 00:00:00
374,user374@example.com,2024-10-01 00:00:00
375,user375@example.com,2024-10-01 00:00:00
376,user376@example.com,2024-10-01 00:00:00
377,user377@example.com,2024-10-01 00:00:00
378,user378@example.com,2024-10-01 00:00:00
379,user379@example.com,2024-10-01 00:00:00
380,user380@example.com,2024-10-01 00:00:00
381,user381@example.com,2024-10-01 00:00:00
382,user382@example.com,2024-10-01 00:00:00
383,user383@example.com,2024-10-01 00:00:00
384,user384@example.com,2024-10-01 00:00:00
385,user385@example.com,2024-10-01 00:00:00
386,user386@example.com,2024-10-01 00:00:00
387,user387@example.com,2024-10-01 00:00:00
388,user388@example.com,2024-10-01 00:00:00
389,user389@example.com,2024-10-01 00:00:00
390,user390@example.com,2024-10-01 00:00:00
391,user391@example.com,2024-10-01 00:00:00
392,user392@example.com,2024-10-01 00:00:00
393,user393@example.com,2024-10-01 00:00:00
394,user394@example.com,2024-10-01 00:00:00
395,user395@example.com,2024-10-01 00:00:00
396,user396@example.com,2024-10-01 00:00:00
397,user397@example.com,2024-10-01 00:00:00
398,user398@example.com,2024-10-01 00:00:00
399,user399@example.com,2024-10-01 00:00:00
400,user400@example.com,2024-10-01 00:00:00
401,user401@example.com,2024-10-01 00:00:00
402,user402@example.com,2024-10-01 00:00:00
403,user403@example.com,2024-10-01 00:00:00
404,user404@example.com,2024-10-01 00:00:00
405,user405@example.com,2024-10-01 00:00:00
406,user406@example.com,2024-10-01 00:00:00
407,user407@example.com,2024-10-01 00:00:00
408,user408@example.com,2024-10-01 00:00:00
409,user409@example.com,2024-10-01 00:00:00
410,user410@example.com,2024-10-01 00:00:00
411,user411@example.com,2024-10-01 00:00:00
412,user412@example.com,2024-10-01 00:00:00
413,user413@example.com,2024-10-01 00:00:00
414,user414@example.com,2024-10-01 00:00:00
415,user415@example.com,2024-10-01 00:00:00
416,user416@example.com,2024-10-01 00:00:00
417,user417@example.com,2024-10-01 00:00:00
418,user418@example.com,2024-10-01 00:00:00
419,user419@example.com,2024-10-01 00:00:00
420,user420@example.com,2024-10-01 00:00:00
421,user421@example.com,2024-10-01 00:00:00
422,user422@example.com,2024-10-01 00:00:00
423,user423@example.com,2024-10-01 00:00:00
424,user424@example.com,2024-10-01 00:00:00
425,user425@example.com,2024-10-01 00:00:00
426,user426@example.com,2024-10-01 00:00:00
427,user427@example.com,2024-10-01 00:00:00
428,user428@example.com,2024-10-01 00:00:00
429,user429@example.com,2024-10-01 00:00:00
430,user430@example.com,2024-10-01 00:00:00
431,user431@example.com,2024-10-01 00:00:00
432,user432@example.com,2024-10-01 00:00:00
433,user433@example.com,2024-10-01 00:00:00
434,user434@example.com,2024-10-01 00:00:00
435,user435@example.com,2024-10-01 00:00:00
436,user436@example.com,2024-10-01 00:00:00
437,user437@example.com,2024-10-01 00:00:00
438,user438@example.com,2024-10-01 00:00:00
439,user439@example.com,2024-10-01 00:00:00
440,user440@example.com,2024-10-01 00:00:00
441,user441@example.com,2024-10-01 00:00:00
442,user442@example.com,2024-10-01 00:00:00
443,user443@example.com,2024-10-01 00:00:00
444,user444@example.com,2024-10-01 00:00:00
445,user445@example.com,2024-10-01 00:00:00
446,user446@example.com,2024-10-01 00:00:00
447,user447@example.com,2024-10-01 00:00:00
448,user448@example.com,2024-10-01 00:00:00
449,user449@example.com,2024-10-01 00:00:00
450,user450@example.com,2024-10-01 00:00:00
451,user451@example.com,2024-10-01 00:00:00
452,user452@example.com,2024-10-01 00:00:00
453,user453@example.com,2024-10-01 00:00:00
454,user454@example.com,2024-10-01 00:00:00
455,user455@example.com,2024-10-01 00:00:00
456,user456@example.com,2024-10-01 00:00:00
457,user457@example.com,2024-10-01 00:00:00
458,user458@example.com,2024-10-01 00:00:00
459,user459@example.com,2024-10-01 00:00:00
460,user460@example.com,2024-10-01 00:00:00
461,user461@example.com,2024-10-01 00:00:00
462,user462@example.com,2024-10-01 00:00:00
463,user463@example.com,2024-10-01 00:00:00
464,user464@example.com,2024-10-01 00:00:00
465,user465@example.com,2024-10-01 00:00:00
466,user466@example.com,2024-10-01 00:00:00
467,user467@example.com,2024-10-01 00:00:00
468,user468@example.com,2024-10-01 00:00:00
469,user469@example.com,2024-10-01 00:00:00
470,user470@example.com,2024-10-01 00:00:00
471,user471@example.com,2024-10-01 00:00:00
472,user472@example.com,2024-10-01 00:00:00
473,user473@example.com,2024-10-01 00:00:00
474,user474@example.com,2024-10-01 00:00:00
475,user475@example.com,2024-10-01 00:00:00
476,user476@example.com,2024-10-01 00:00:00
477,user477@example.com,2024-10-01 00:00:00
478,user478@example.com,2024-10-01 00:00:00
479,user479@example.com,2024-10-01 00:00:00
480,user480@example.com,2024-10-01 00:00:00
481,user481@example.com,2024-10-01 00:00:00
482,user482@example.com,2024-10-01 00:00:00
483,user483@example.com,2024-10-01 00:00:00
484,user484@example.com,2024-10-01 00:00:00
485,user485@example.com,2024-10-01 00:00:00
486,user486@example.com,2024-10-01 00:00:00
487,user487@example.com,2024-10-01 00:00:00
488,user488@example.com,2024-10-01 00:00:00
489,user489@example.com,2024-10-01 00:00:00
490,user490@example.com,2024-10-01 00:00:00
491,user491@example.com,2024-10-01 00:00:00
492,user492@example.com,2024-10-01 00:00:00
493,user493@example.com,2024-10-01 00:00:00
494,user494@example.com,2024-10-01 00:00:00
495,user495@example.com,2024-10-01 00:00:00
496,user496@example.com,2024-10-01 00:00:00
497,user497@example.com,2024-10-01 00:00:00
498,user498@example.com,2024-10-01 00:00:00
499,user499@example.com,2024-10-01 00:00:00
500,user500@example.com,2024-10-01 00:00:00
501,user501@example.com,2024-10-01 00:00:00
502,user502@example.com,2024-10-01 00:00:00
503,user503@example.com,2024-10-01 00:00:00
504,user504@example.com,2024-10-01 00:00:00
505,user505@example.com,2024-10-01 00:00:00
506,user506@example.com,2024-10-01 00:00:00
507,user507@example.com,2024-10-01 00:00:00
508,user508@example.com,2024-10-01 00:00:00
509,user509@example.com,2024-10-01 00:00:00
510,user510@example.com,2024-10-01 00:00:00
511,user511@example.com,2024-10-01 00:00:00
512,user512@example.com,2024-10-01 00:00:00
513,user513@example.com,2024-10-01 00:00:00
514,user514@example.com,2024-10-01 00:00:00
515,user515@example.com,2024-10-01 00:00:00
516,user516@example.com,2024-10-01 00:00:00
517,user517@example.com,2024-10-01 00:00:00
518,user518@example.com,2024-10-01 00:00:00
519,user519@example.com,2024-10-01 00:00:00
520,user520@example.com,2024-10-01 00:00:00
521,user521@example.com,2024-10-01 00:00:00
522,user522@example.com,2024-10-01 00:00:00
523,user523@example.com,2024-10-01 00:00:00
524,user524@example.com,2024-10-01 00:00:00
525,user525@example.com,2024-10-01 00:00:00
526,user526@example.com,2024-10-01 00:00:00
527,user527@example.com,2024-10-01 00:00:00
528,user528@example.com,2024-10-01 00:00:00
529,user529@example.com,2024-10-01 00:00:00
530,user530@example.com,2024-10-01 00:00:00
531,user531@example.com,2024-10-01 00:00:00
532,user532@example.com,2024-10-01 00:00:00
533,user533@example.com,2024-10-01 00:00:00
534,user534@example.com,2024-10-01 00:00:00
535,user535@example.com,2024-10-01 00:00:00
536,user536@example.com,2024-10-01 00:00:00
537,user537@example.com,2024-10-01 00:00:00
538,user538@example.com,2024-10-01 00:00:00
539,user539@example.com,2024-10-01 00:00:00
540,user540@example.com,2024-10-01 00:00:00
541,user541@example.com,2024-10-01 00:00:00
542,user542@example.com,2024-10-01 00:00:00
543,user543@example.com,2024-10-01 00:00:00
544,user544@example.com,2024-10-01 00:00:00
545,user545@example.com,2024-10-01 00:00:00
546,user546@example.com,2024-10-01 00:00:00
547,user547@example.com,2024-10-01 00:00:00
548,user548@example.com,2024-10-01 00:00:00
549,user549@example.com,2024-10-01 00:00:00
550,user550@example.com,2024-10-01 00:00:00
551,user551@example.com,2024-10-01 00:00:00
552,user552@example.com,2024-10-01 00:00:00
553,user553@example.com,2024-10-01 00:00:00
554,user554@example.com,2024-10-01 00:00:00
555,user555@example.com,2024-10-01 00:00:00
556,user556@example.com,2024-10-01 00:00:00
557,user557@example.com,2024-10-01 00:00:00
558,user558@example.com,2024-10-01 00:00:00
559,user559@example.com,2024-10-01 00:00:00
560,user560@example.com,2024-10-01 00:00:00
561,user561@example.com,2024-10-01 00:00:00
562,user562@example.com,2024-10-01 00:00:00
563,user563@example.com,2024-10-01 00:00:00
564,user564@example.com,2024-10-01 00:00:00
565,user565@example.com,2024-10-01 00:00:00
566,user566@example.com,2024-10-01 00:00:00
567,user567@example.com,2024-10-01 00:00:00
568,user568@example.com,2024-10-01 00:00:00
569,user569@example.com,2024-10-01 00:00:00
570,user570@example.com,2024-10-01 00:00:00
571,user571@example.com,2024-10-01 00:00:00
572,user572@example.com,2024-10-01 00:00:00
573,user573@example.com,2024-10-01 00:00:00
574,user574@example.com,2024-10-01 00:00:00
575,user575@example.com,2024-10-01 00:00:00
576,user576@example.com,2024-10-01 00:00:00
577,user577@example.com,2024-10-01 00:00:00
578,user578@example.com,2024-10-01 00:00:00
579,user579@example.com,2024-10-01 00:00:00
580,user580@example.com,2024-10-01 00:00:00
581,user581@example.com,2024-10-01 00:00:00
582,user582@example.com,2024-10-01 00:00:00
583,user583@example.com,2024-10-01 00:00:00
584,user584@example.com,2024-10-01 00:00:00
585,user585@example.com,2024-10-01 00:00:00
586,user586@example.com,2024-10-01 00:00:00
587,user587@example.com,2024-10-01 00:00:00
588,user588@example.com,2024-10-01 00:00:00
589,user589@example.com,2024-10-01 00:00:00
590,user590@example.com,2024-10-01 00:00:00
591,user591@example.com,2024-10-01 00:00:00
592,user592@example.com,2024-10-01 00:00:00
593,user593@example.com,2024-10-01 00:00:00
594,user594@example.com,2024-10-01 00:00:00
595,user595@example.com,2024-10-01 00:00:00
596,user596@example.com,2024-10-01 00:00:00
597,user597@example.com,2024-10-01 00:00:00
598,user598@example.com,2024-10-01 00:00:00
599,user599@example.com,2024-10-01 00:00:00
600,user600@example.com,2024-10-01 00:00:00
601,user601@example.com,2024-10-01 00:00:00
602,user602@example.com,2024-10-01 00:00:00
603,user603@example.com,2024-10-01 00:00:00
604,user604@example.com,2024-10-01 00:00:00
605,user605@example.com,2024-10-01 00:00:00
606,user606@example.com,2024-10-01 00:00:00
607,user607@example.com,2024-10-01 00:00:00
608,user608@example.com,2024-10-01 00:00:00
609,user609@example.com,2024-10-01 00:00:00
610,user610@example.com,2024-10-01 00:00:00
611,user611@example.com,2024-10-01 00:00:00
612,user612@example.com,2024-10-01 00:00:00
613,user613@example.com,2024-10-01 00:00:00
614,user614@example.com,2024-10-01 00:00:00
615,user615@example.com,2024-10-01 00:00:00
616,user616@example.com,2024-10-01 00:00:00
617,user617@example.com,2024-10-01 00:00:00
618,user618@example.com,2024-10-01 00:00:00
619,user619@example.com,2024-10-01 00:00:00
620,user620@example.com,2024-10-01 00:00:00
621,user621@example.com,2024-10-01 00:00:00
622,user622@example.com,2024-10-01 00:00:00
623,user623@example.com,2024-10-01 00:00:00
624,user624@example.com,2024-10-01 00:00:00
625,user625@example.com,2024-10-01 00:00:00
626,user626@example.com,2024-10-01 00:00:00
627,user627@example.com,2024-10-01 00:00:00
628,user628@example.com,2024-10-01 00:00:00
629,user629@example.com,2024-10-01 00:00:00
630,user630@example.com,2024-10-01 00:00:00
631,user631@example.com,2024-10-01 00:00:00
632,user632@example.com,2024-10-01 00:00:00
633,user633@example.com,2024-10-01 00:00:00
634,user634@example.com,2024-10-01 00:00:00
635,user635@example.com,2024-10-01 00:00:00
636,user636@example.com,2024-10-01 00:00:00
637,user637@example.com,2024-10-01 00:00:00
638,user638@example.com,2024-10-01 00:00:00
639,user639@example.com,2024-10-01 00:00:00
640,user640@example.com,2024-10-01 00:00:00
641,user641@example.com,2024-10-01 00:00:00
642,user642@example.com,2024-10-01 00:00:00
643,user643@example.com,2024-10-01 00:00:00
644,user644@example.com,2024-10-01 00:00:00
645,user645@example.com,2024-10-01 00:00:00
646,user646@example.com,2024-10-01 00:00:00
647,user647@example.com,2024-10-01 00:00:00
648,user648@example.com,2024-10-01 00:00:00
649,user649@example.com,2024-10-01 00:00:00
650,user650@example.com,2024-10-01 00:00:00
651,user651@example.com,2024-10-01 00:00:00
652,user652@example.com,2024-10-01 00:00:00
653,user653@example.com,2024-10-01 00:00:00
654,user654@example.com,2024-10-01 00:00:00
655,user655@example.com,2024-10-01 00:00:00
656,user656@example.com,2024-10-01 00:00:00
657,user657@example.com,2024-10-01 00:00:00
658,user658@example.com,2024-10-01 00:00:00
659,user659@example.com,2024-10-01 00:00:00
660,user660@example.com,2024-10-01 00:00:00
661,user661@example.com,2024-10-01 00:00:00
662,user662@example.com,2024-10-01 00:00:00
663,user663@example.com,2024-10-01 00:00:00
664,user664@example.com,2024-10-01 00:00:00
665,user665@example.com,2024-10-01 00:00:00
666,user666@example.com,2024-10-01 00:00:00
667,user667@example.com,2024-10-01 00:00:00
668,user668@example.com,2024-10-01 00:00:00
669,user669@example.com,2024-10-01 00:00:00
670,user670@example.com,2024-10-01 00:00:00
671,user671@example.com,2024-10-01 00:00:00
672,user672@example.com,2024-10-01 00:00:00
673,user673@example.com,2024-10-01 00:00:00
674,user674@example.com,2024-10-01 00:00:00
675,user675@example.com,2024-10-01 00:00:00
676,user676@example.com,2024-10-01 00:00:00
677,user677@example.com,2024-10-01 00:00:00
678,user678@example.com,2024-10-01 00:00:00
679,user679@example.com,2024-10-01 00:00:00
680,user680@example.com,2024-10-01 00:00:00
681,user681@example.com,2024-10-01 00:00:00
682,user682@example.com,2024-10-01 00:00:00
683,user683@example.com,2024-10-01 00:00:00
684,user684@example.com,2024-10-01 00:00:00
685,user685@example.com,2024-10-01 00:00:00
686,user686@example.com,2024-10-01 00:00:00
687,user687@example.com,2024-10-01 00:00:00
688,user688@example.com,2024-10-01 00:00:00
689,user689@example.com,2024-10-01 00:00:00
690,user690@example.com,2024-10-01 00:00:00
691,user691@example.com,2024-10-01 00:00:00
692,user692@example.com,2024-10-01 00:00:00
693,user693@example.com,2024-10-01 00:00:00
694,user694@example.com,2024-10-01 00:00:00
695,user695@example.com,2024-10-01 00:00:00
696,user696@example.com,2024-10-01 00:00:00
697,user697@example.com,2024-10-01 00:00:00
698,user698@example.com,2024-10-01 00:00:00
699,user699@example.com,2024-10-01 00:00:00
700,user700@example.com,2024-10-01 00:00:00
701,user701@example.com,2024-10-01 00:00:00
702,user702@example.com,2024-10-01 00:00:00
703,user703@example.com,2024-10-01 00:00:00
704,user704@example.com,2024-10-01 00:00:00
705,user705@example.com,2024-10-01 00:00:00
706,user706@example.com,2024-10-01 00:00:00
707,user707@example.com,2024-10-01 00:00:00
708,user708@example.com,2024-10-01 00:00:00
709,user709@example.com,2024-10-01 00:00:00
710,user710@example.com,2024-10-01 00:00:00
711,user711@example.com,2024-10-01 00:00:00
712,user712@example.com,2024-10-01 00:00:00
713,user713@example.com,2024-10-01 00:00:00
714,user714@example.com,2024-10-01 00:00:00
715,user715@example.com,2024-10-01 00:00:00
716,user716@example.com,2024-10-01 00:00:00
717,user717@example.com,2024-10-01 00:00:00
718,user718@example.com,2024-10-01 00:00:00
719,user719@example.com,2024-10-01 00:00:00
720,user720@example.com,2024-10-01 00:00:00
721,user721@example.com,2024-10-01 00:00:00
722,user722@example.com,2024-10-01 00:00:00
723,user723@example.com,2024-10-01 00:00:00
724,user724@example.com,2024-10-01 00:00:00
725,user725@example.com,2024-10-01 00:00:00
726,user726@example.com,2024-10-01 00:00:00
727,user727@example.com,2024-10-01 00:00:00
728,user728@example.com,2024-10-01 00:00:00
729,user729@example.com,2024-10-01 00:00:00
730,user730@example.com,2024-10-01 00:00:00
731,user731@example.com,2024-10-01 00:00:00
732,user732@example.com,2024-10-01 00:00:00
733,user733@example.com,2024-10-01 00:00:00
734,user734@example.com,2024-10-01 00:00:00
735,user735@example.com,2024-10-01 00:00:00
736,user736@example.com,2024-10-01 00:00:00
737,user737@example.com,2024-10-01 00:00:00
738,user738@example.com,2024-10-01 00:00:00
739,user739@example.com,2024-10-01 00:00:00
740,user740@example.com,2024-10-01 00:00:00
741,user741@example.com,2024-10-01 00:00:00
742,user742@example.com,2024-10-01 00:00:00
743,user743@example.com,2024-10-01 00:00:00
744,user744@example.com,2024-10-01 00:00:00
745,user745@example.com,2024-10-01 00:00:00
746,user746@example.com,2024-10-01 00:00:00
747,user747@example.com,2024-10-01 00:00:00
748,user748@example.com,2024-10-01 00:00:00
749,user749@example.com,2024-10-01 00:00:00
750,user750@example.com,2024-10-01 00:00:00
751,user751@example.com,2024-10-01 00:00:00
752,user752@example.com,2024-10-01 00:00:00
753,user753@example.com,2024-10-01 00:00:00
754,user754@example.com,2024-10-01 00:00:00
755,user755@example.com,2024-10-01 00:00:00
756,user756@example.com,2024-10-01 00:00:00
757,user757@example.com,2024-10-01 00:00:00
758,user758@example.com,2024-10-01 00:00:00
759,user759@example.com,2024-10-01 00:00:00
760,user760@example.com,2024-10-01 00:00:00
761,user761@example.com,2024-10-01 00:00:00
762,user762@example.com,2024-10-01 00:00:00
763,user763@example.com,2024-10-01 00:00:00
764,user764@example.com,2024-10-01 00:00:00
765,user765@example.com,2024-10-01 00:00:00
766,user766@example.com,2024-10-01 00:00:00
767,user767@example.com,2024-10-01 00:00:00
768,user768@example.com,2024-10-01 00:00:00
769,user769@example.com,2024-10-01 00:00:00
770,user770@example.com,2024-10-01 00:00:00
771,user771@example.com,2024-10-01 00:00:00
772,user772@example.com,2024-10-01 00:00:00
773,user773@example.com,2024-10-01 00:00:00
774,user774@example.com,2024-10-01 00:00:00
775,user775@example.com,2024-10-01 00:00:00
776,user776@example.com,2024-10-01 00:00:00
777,user777@example.com,2024-10-01 00:00:00
778,user778@example.com,2024-10-01 00:00:00
779,user779@example.com,2024-10-01 00:00:00
780,user780@example.com,2024-10-01 00:00:00
781,user781@example.com,2024-10-01 00:00:00
782,user782@example.com,2024-10-01 00:00:00
783,user783@example.com,2024-10-01 00:00:00
784,user784@example.com,2024-10-01 00:00:00
785,user785@example.com,2024-10-01 00:00:00
786,user786@example.com,2024-10-01 00:00:00
787,user787@example.com,2024-10-01 00:00:00
788,user788@example.com,2024-10-01 00:00:00
789,user789@example.com,2024-10-01 00:00:00
790,user790@example.com,2024-10-01 00:00:00
791,user791@example.com,2024-10-01 00:00:00
792,user792@example.com,2024-10-01 00:00:00
793,user793@example.com,2024-10-01 00:00:00
794,user794@example.com,2024-10-01 00:00:00
795,user795@example.com,2024-10-01 00:00:00
796,user796@example.com,2024-10-01 00:00:00
797,user797@example.com,2024-10-01 00:00:00
798,user798@example.com,2024-10-01 00:00:00
799,user799@example.com,2024-10-01 00:00:00
800,user800@example.com,2024-10-01 00:00:00
801,user801@example.com,2024-10-01 00:00:00
802,user802@example.com,2024-10-01 00:00:00
803,user803@example.com,2024-10-01 00:00:00
804,user804@example.com,2024-10-01 00:00:00
805,user805@example.com,2024-10-01 00:00:00
806,user806@example.com,2024-10-01 00:00:00
807,user807@example.com,2024-10-01 00:00:00
808,user808@example.com,2024-10-01 00:00:00
809,user809@example.com,2024-10-01 00:00:00
810,user810@example.com,2024-10-01 00:00:00
811,user811@example.com,2024-10-01 00:00:00
812,user812@example.com,2024-10-01 00:00:00
813,user813@example.com,2024-10-01 00:00:00
814,user814@example.com,2024-10-01 00:00:00
815,user815@example.com,2024-10-01 00:00:00
816,user816@example.com,2024-10-01 00:00:00
817,user817@example.com,2024-10-01 00:00:00
818,user818@example.com,2024-10-01 00:00:00
819,user819@example.com,2024-10-01 00:00:00
820,user820@example.com,2024-10-01 00:00:00
821,user821@example.com,2024-10-01 00:00:00
822,user822@example.com,2024-10-01 00:00:00
823,user823@example.com,2024-10-01 00:00:00
824,user824@example.com,2024-10-01 00:00:00
825,user825@example.com,2024-10-01 00:00:00
826,user826@example.com,2024-10-01 00:00:00
827,user827@example.com,2024-10-01 00:00:00
828,user828@example.com,2024-10-01 00:00:00
829,user829@example.com,2024-10-01 00:00:00
830,user830@example.com,2024-10-01 00:00:00
831,user831@example.com,2024-10-01 00:00:00
832,user832@example.com,2024-10-01 00:00:00
833,user833@example.com,2024-10-01 00:00:00
834,user834@example.com,2024-10-01 00:00:00
835,user835@example.com,2024-10-01 00:00:00
836,user836@example.com,2024-10-01 00:00:00
837,user837@example.com,2024-10-01 00:00:00
838,user838@example.com,2024-10-01 00:00:00
839,user839@example.com,2024-10-01 00:00:00
840,user840@example.com,2024-10-01 00:00:00
841,user841@example.com,2024-10-01 00:00:00
842,user842@example.com,2024-10-01 00:00:00
843,user843@example.com,2024-10-01 00:00:00
844,user844@example.com,2024-10-01 00:00:00
845,user845@example.com,2024-10-01 00:00:00
846,user846@example.com,2024-10-01 00:00:00
847,user847@example.com,2024-10-01 00:00:00
848,user848@example.com,2024-10-01 00:00:00
849,user849@example.com,2024-10-01 00:00:00
850,user850@example.com,2024-10-01 00:00:00
851,user851@example.com,2024-10-01 00:00:00
852,user852@example.com,2024-10-01 00:00:00
853,user853@example.com,2024-10-01 00:00:00
854,user854@example.com,2024-10-01 00:00:00
855,user855@example.com,2024-10-01 00:00:00
856,user856@example.com,2024-10-01 00:00:00
857,user857@example.com,2024-10-01 00:00:00
858,user858@example.com,2024-10-01 00:00:00
859,user859@example.com,2024-10-01 00:00:00
860,user860@example.com,2024-10-01 00:00:00
861,user861@example.com,2024-10-01 00:00:00
862,user862@example.com,2024-10-01 00:00:00
863,user863@example.com,2024-10-01 00:00:00
864,user864@example.com,2024-10-01 00:00:00
865,user865@example.com,2024-10-01 00:00:00
866,user866@example.com,2024-10-01 00:00:00
867,user867@example.com,2024-10-01 00:00:00
868,user868@example.com,2024-10-01 00:00:00
869,user869@example.com,2024-10-01 00:00:00
870,user870@example.com,2024-10-01 00:00:00
871,user871@example.com,2024-10-01 00:00:00
872,user872@example.com,2024-10-01 00:00:00
873,user873@example.com,2024-10-01 00:00:00
874,user874@example.com,2024-10-01 00:00:00
875,user875@example.com,2024-10-01 00:00:00
876,user876@example.com,2024-10-01 00:00:00
877,user877@example.com,2024-10-01 00:00:00
878,user878@example.com,2024-10-01 00:00:00
879,user879@example.com,2024-10-01 00:00:00
880,user880@example.com,2024-10-01 00:00:00
881,user881@example.com,2024-10-01 00:00:00
882,user882@example.com,2024-10-01 00:00:00
883,user883@example.com,2024-10-01 00:00:00
884,user884@example.com,2024-10-01 00:00:00
885,user885@example.com,2024-10-01 00:00:00
886,user886@example.com,2024-10-01 00:00:00
887,user887@example.com,2024-10-01 00:00:00
888,user888@example.com,2024-10-01 00:00:00
889,user889@example.com,2024-10-01 00:00:00
890,user890@example.com,2024-10-01 00:00:00
891,user891@example.com,2024-10-01 00:00:00
892,user892@example.com,2024-10-01 00:00:00
893,user893@example.com,2024-10-01 00:00:00
894,user894@example.com,2024-10-01 00:00:00
895,user895@example.com,2024-10-01 00:00:00
896,user896@example.com,2024-10-01 00:00:00
897,user897@example.com,2024-10-01 00:00:00
898,user898@example.com,2024-10-01 00:00:00
899,user899@example.com,2024-10-01 00:00:00
900,user900@example.com,2024-10-01 00:00:00
901,user901@example.com,2024-10-01 00:00:00
902,user902@example.com,2024-10-01 00:00:00
903,user903@example.com,2024-10-01 00:00:00
904,user904@example.com,2024-10-01 00:00:00
905,user905@example.com,2024-10-01 00:00:00
906,user906@example.com,2024-10-01 00:00:00
907,user907@example.com,2024-10-01 00:00:00
908,user908@example.com,2024-10-01 00:00:00
909,user909@example.com,2024-10-01 00:00:00
910,user910@example.com,2024-10-01 00:00:00
911,user911@example.com,2024-10-01 00:00:00
912,user912@example.com,2024-10-01 00:00:00
913,user913@example.com,2024-10-01 00:00:00
914,user914@example.com,2024-10-01 00:00:00
915,user915@example.com,2024-10-01 00:00:00
916,user916@example.com,2024-10-01 00:00:00
917,user917@example.com,2024-10-01 00:00:00
918,user918@example.com,2024-10-01 00:00:00
919,user919@example.com,2024-10-01 00:00:00
920,user920@example.com,2024-10-01 00:00:00
921,user921@example.com,2024-10-01 00:00:00
922,user922@example.com,2024-10-01 00:00:00
923,user923@example.com,2024-10-01 00:00:00
924,user924@example.com,2024-10-01 00:00:00
925,user925@example.com,2024-10-01 00:00:00
926,user926@example.com,2024-10-01 00:00:00
927,user927@example.com,2024-10-01 00:00:00
928,user928@example.com,2024-10-01 00:00:00
929,user929@example.com,2024-10-01 00:00:00
930,user930@example.com,2024-10-01 00:00:00
931,user931@example.com,2024-10-01 00:00:00
932,user932@example.com,2024-10-01 00:00:00
933,user933@example.com,2024-10-01 00:00:00
934,user934@example.com,2024-10-01 00:00:00
935,user935@example.com,2024-10-01 00:00:00
936,user936@example.com,2024-10-01 00:00:00
937,user937@example.com,2024-10-01 00:00:00
938,user938@example.com,2024-10-01 00:00:00
939,user939@example.com,2024-10-01 00:00:00
940,user940@example.com,2024-10-01 00:00:00
941,user941@example.com,2024-10-01 00:00:00
942,user942@example.com,2024-10-01 00:00:00
943,user943@example.com,2024-10-01 00:00:00
944,user944@example.com,2024-10-01 00:00:00
945,user945@example.com,2024-10-01 00:00:00
946,user946@example.com,2024-10-01 00:00:00
947,user947@example.com,2024-10-01 00:00:00
948,user948@example.com,2024-10-01 00:00:00
949,user949@example.com,2024-10-01 00:00:00
950,user950@example.com,2024-10-01 00:00:00
951,user951@example.com,2024-10-01 00:00:00
952,user952@example.com,2024-10-01 00:00:00
953,user953@example.com,2024-10-01 00:00:00
954,user954@example.com,2024-10-01 00:00:00
955,user955@example.com,2024-10-01 00:00:00
956,user956@example.com,2024-10-01 00:00:00
957,user957@example.com,2024-10-01 00:00:00
958,user958@example.com,2024-10-01 00:00:00
959,user959@example.com,2024-10-01 00:00:00
960,user960@example.com,2024-10-01 00:00:00
961,user961@example.com,2024-10-01 00:00:00
962,user962@example.com,2024-10-01 00:00:00
963,user963@example.com,2024-10-01 00:00:00
964,user964@example.com,2024-10-01 00:00:00
965,user965@example.com,2024-10-01 00:00:00
966,user966@example.com,2024-10-01 00:00:00
967,user967@example.com,2024-10-01 00:00:00
968,user968@example.com,2024-10-01 00:00:00
969,user969@example.com,2024-10-01 00:00:00
970,user970@example.com,2024-10-01 00:00:00
971,user971@example.com,2024-10-01 00:00:00
972,user972@example.com,2024-10-01 00:00:00
973,user973@example.com,2024-10-01 00:00:00
974,user974@example.com,2024-10-01 00:00:00
975,user975@example.com,2024-10-01 00:00:00
976,user976@example.com,2024-10-01 00:00:00
977,user977@example.com,2024-10-01 00:00:00
978,user978@example.com,2024-10-01 00:00:00
979,user979@example.com,2024-10-01 00:00:00
980,user980@example.com,2024-10-01 00:00:00
981,user981@example.com,2024-10-01 00:00:00
982,user982@example.com,2024-10-01 00:00:00
983,user983@example.com,2024-10-01 00:00:00
984,user984@example.com,2024-10-01 00:00:00
985,user985@example.com,2024-10-01 00:00:00
986,user986@example.com,2024-10-01 00:00:00
987,user987@example.com,2024-10-01 00:00:00
988,user988@example.com,2024-10-01 00:00:00
989,user989@example.com,2024-10-01 00:00:00
990,user990@example.com,2024-10-01 00:00:00
991,user991@example.com,2024-10-01 00:00:00
992,user992@example.com,2024-10-01 00:00:00
993,user993@example.com,2024-10-01 00:00:00
994,user994@example.com,2024-10-01 00:00:00
995,user995@example.com,2024-10-01 00:00:00
996,user996@example.com,2024-10-01 00:00:00
997,user997@example.com,2024-10-01 00:00:00
998,user998@example.com,2024-10-01 00:00:00
999,user999@example.com,2024-10-01 00:00:00
1000,user1000@example.com,2024-10-01 00:00:00
